n_cores,n_train,n_test,n_tiles,n_reg,n_streams,i_loop,time
48,16384,16384,1,8,1,0,2.5428547859191895
48,16384,16384,1,8,1,1,2.2339184284210205
48,16384,16384,1,8,1,2,2.23641037940979
48,16384,16384,1,8,1,3,2.2303225994110107
48,16384,16384,1,8,1,4,2.2419626712799072
48,16384,16384,1,8,1,5,2.237736225128174
48,16384,16384,1,8,1,6,2.2415053844451904
48,16384,16384,1,8,1,7,2.2506232261657715
48,16384,16384,1,8,1,8,2.2502942085266113
48,16384,16384,1,8,1,9,2.2490062713623047
48,16384,16384,1,8,1,10,2.2552311420440674
48,16384,16384,1,8,2,0,2.4084722995758057
48,16384,16384,1,8,2,1,2.2565245628356934
48,16384,16384,1,8,2,2,2.258701801300049
48,16384,16384,1,8,2,3,2.2590513229370117
48,16384,16384,1,8,2,4,2.2615110874176025
48,16384,16384,1,8,2,5,2.260995864868164
48,16384,16384,1,8,2,6,2.270050287246704
48,16384,16384,1,8,2,7,2.2686452865600586
48,16384,16384,1,8,2,8,2.2711703777313232
48,16384,16384,1,8,2,9,2.2738935947418213
48,16384,16384,1,8,2,10,2.270933151245117
48,16384,16384,1,8,4,0,2.420349359512329
48,16384,16384,1,8,4,1,2.2912425994873047
48,16384,16384,1,8,4,2,2.280961036682129
48,16384,16384,1,8,4,3,2.276245355606079
48,16384,16384,1,8,4,4,2.2813212871551514
48,16384,16384,1,8,4,5,2.2813069820404053
48,16384,16384,1,8,4,6,2.280252456665039
48,16384,16384,1,8,4,7,2.2861008644104004
48,16384,16384,1,8,4,8,2.285921335220337
48,16384,16384,1,8,4,9,2.2881221771240234
48,16384,16384,1,8,4,10,2.2810873985290527
48,16384,16384,1,8,8,0,2.423452377319336
48,16384,16384,1,8,8,1,2.2857706546783447
48,16384,16384,1,8,8,2,2.290339708328247
48,16384,16384,1,8,8,3,2.287325620651245
48,16384,16384,1,8,8,4,2.295029401779175
48,16384,16384,1,8,8,5,2.283133029937744
48,16384,16384,1,8,8,6,2.291627883911133
48,16384,16384,1,8,8,7,2.296220541000366
48,16384,16384,1,8,8,8,2.295926332473755
48,16384,16384,1,8,8,9,2.2910099029541016
48,16384,16384,1,8,8,10,2.2973473072052
48,16384,16384,1,8,16,0,2.4327895641326904
48,16384,16384,1,8,16,1,2.3065249919891357
48,16384,16384,1,8,16,2,2.3062078952789307
48,16384,16384,1,8,16,3,2.3044753074645996
48,16384,16384,1,8,16,4,2.3007302284240723
48,16384,16384,1,8,16,5,2.3042867183685303
48,16384,16384,1,8,16,6,2.3012471199035645
48,16384,16384,1,8,16,7,2.306971549987793
48,16384,16384,1,8,16,8,2.3061506748199463
48,16384,16384,1,8,16,9,2.30114483833313
48,16384,16384,1,8,16,10,2.3092050552368164
48,16384,16384,1,8,32,0,2.4465250968933105
48,16384,16384,1,8,32,1,2.329493999481201
48,16384,16384,1,8,32,2,2.3255867958068848
48,16384,16384,1,8,32,3,2.327780246734619
48,16384,16384,1,8,32,4,2.324134349822998
48,16384,16384,1,8,32,5,2.3225350379943848
48,16384,16384,1,8,32,6,2.328916549682617
48,16384,16384,1,8,32,7,2.3242979049682617
48,16384,16384,1,8,32,8,2.323693037033081
48,16384,16384,1,8,32,9,2.323643922805786
48,16384,16384,1,8,32,10,2.3243887424468994
48,16384,16384,1,8,64,0,2.4489359855651855
48,16384,16384,1,8,64,1,2.3699512481689453
48,16384,16384,1,8,64,2,2.3609962463378906
48,16384,16384,1,8,64,3,2.364834785461426
48,16384,16384,1,8,64,4,2.366377115249634
48,16384,16384,1,8,64,5,2.3624730110168457
48,16384,16384,1,8,64,6,2.3580827713012695
48,16384,16384,1,8,64,7,2.3667256832122803
48,16384,16384,1,8,64,8,2.362600326538086
48,16384,16384,1,8,64,9,2.3676483631134033
48,16384,16384,1,8,64,10,2.3586537837982178
48,16384,16384,1,8,128,0,2.4592771530151367
48,16384,16384,1,8,128,1,2.434715509414673
48,16384,16384,1,8,128,2,2.443356990814209
48,16384,16384,1,8,128,3,2.4355885982513428
48,16384,16384,1,8,128,4,2.442681074142456
48,16384,16384,1,8,128,5,2.4399516582489014
48,16384,16384,1,8,128,6,2.4402716159820557
48,16384,16384,1,8,128,7,2.4414925575256348
48,16384,16384,1,8,128,8,2.438511848449707
48,16384,16384,1,8,128,9,2.4345672130584717
48,16384,16384,1,8,128,10,2.4325473308563232
48,16384,16384,2,8,1,0,2.375157356262207
48,16384,16384,2,8,1,1,2.2217020988464355
48,16384,16384,2,8,1,2,2.2245774269104004
48,16384,16384,2,8,1,3,2.2271311283111572
48,16384,16384,2,8,1,4,2.236706018447876
48,16384,16384,2,8,1,5,2.2278966903686523
48,16384,16384,2,8,1,6,2.2242069244384766
48,16384,16384,2,8,1,7,2.2290256023406982
48,16384,16384,2,8,1,8,2.2280163764953613
48,16384,16384,2,8,1,9,2.2210023403167725
48,16384,16384,2,8,1,10,2.226245880126953
48,16384,16384,2,8,2,0,2.361917495727539
48,16384,16384,2,8,2,1,2.2302253246307373
48,16384,16384,2,8,2,2,2.2319564819335938
48,16384,16384,2,8,2,3,2.230307102203369
48,16384,16384,2,8,2,4,2.2495174407958984
48,16384,16384,2,8,2,5,2.2303237915039062
48,16384,16384,2,8,2,6,2.2306480407714844
48,16384,16384,2,8,2,7,2.232288360595703
48,16384,16384,2,8,2,8,2.2324917316436768
48,16384,16384,2,8,2,9,2.2394094467163086
48,16384,16384,2,8,2,10,2.2344744205474854
48,16384,16384,2,8,4,0,2.378363609313965
48,16384,16384,2,8,4,1,2.244438648223877
48,16384,16384,2,8,4,2,2.238835096359253
48,16384,16384,2,8,4,3,2.238090753555298
48,16384,16384,2,8,4,4,2.2398340702056885
48,16384,16384,2,8,4,5,2.24482798576355
48,16384,16384,2,8,4,6,2.238161325454712
48,16384,16384,2,8,4,7,2.246337652206421
48,16384,16384,2,8,4,8,2.26428484916687
48,16384,16384,2,8,4,9,2.235971450805664
48,16384,16384,2,8,4,10,2.237955331802368
48,16384,16384,2,8,8,0,2.378791093826294
48,16384,16384,2,8,8,1,2.233536958694458
48,16384,16384,2,8,8,2,2.2448744773864746
48,16384,16384,2,8,8,3,2.2345573902130127
48,16384,16384,2,8,8,4,2.231837511062622
48,16384,16384,2,8,8,5,2.2322452068328857
48,16384,16384,2,8,8,6,2.239487409591675
48,16384,16384,2,8,8,7,2.237502336502075
48,16384,16384,2,8,8,8,2.2322449684143066
48,16384,16384,2,8,8,9,2.2419333457946777
48,16384,16384,2,8,8,10,2.2393341064453125
48,16384,16384,2,8,16,0,2.3854520320892334
48,16384,16384,2,8,16,1,2.246220350265503
48,16384,16384,2,8,16,2,2.253098726272583
48,16384,16384,2,8,16,3,2.2492709159851074
48,16384,16384,2,8,16,4,2.2454216480255127
48,16384,16384,2,8,16,5,2.2527029514312744
48,16384,16384,2,8,16,6,2.2465991973876953
48,16384,16384,2,8,16,7,2.238877534866333
48,16384,16384,2,8,16,8,2.2522478103637695
48,16384,16384,2,8,16,9,2.2466647624969482
48,16384,16384,2,8,16,10,2.2544243335723877
48,16384,16384,2,8,32,0,2.392568349838257
48,16384,16384,2,8,32,1,2.267728567123413
48,16384,16384,2,8,32,2,2.263394355773926
48,16384,16384,2,8,32,3,2.2660109996795654
48,16384,16384,2,8,32,4,2.2619786262512207
48,16384,16384,2,8,32,5,2.263016700744629
48,16384,16384,2,8,32,6,2.2640573978424072
48,16384,16384,2,8,32,7,2.2663300037384033
48,16384,16384,2,8,32,8,2.2607555389404297
48,16384,16384,2,8,32,9,2.2633957862854004
48,16384,16384,2,8,32,10,2.265273094177246
48,16384,16384,2,8,64,0,2.3968491554260254
48,16384,16384,2,8,64,1,2.317199230194092
48,16384,16384,2,8,64,2,2.3081090450286865
48,16384,16384,2,8,64,3,2.305267333984375
48,16384,16384,2,8,64,4,2.2999093532562256
48,16384,16384,2,8,64,5,2.3001503944396973
48,16384,16384,2,8,64,6,2.303370475769043
48,16384,16384,2,8,64,7,2.300994396209717
48,16384,16384,2,8,64,8,2.2965619564056396
48,16384,16384,2,8,64,9,2.295954942703247
48,16384,16384,2,8,64,10,2.304050922393799
48,16384,16384,2,8,128,0,2.4315757751464844
48,16384,16384,2,8,128,1,2.3836424350738525
48,16384,16384,2,8,128,2,2.3841538429260254
48,16384,16384,2,8,128,3,2.379356622695923
48,16384,16384,2,8,128,4,2.3818960189819336
48,16384,16384,2,8,128,5,2.3775413036346436
48,16384,16384,2,8,128,6,2.3823046684265137
48,16384,16384,2,8,128,7,2.3825523853302
48,16384,16384,2,8,128,8,2.3815176486968994
48,16384,16384,2,8,128,9,2.3758704662323
48,16384,16384,2,8,128,10,2.3684558868408203
48,16384,16384,4,8,1,0,2.388524293899536
48,16384,16384,4,8,1,1,2.2382524013519287
48,16384,16384,4,8,1,2,2.23429536819458
48,16384,16384,4,8,1,3,2.2377586364746094
48,16384,16384,4,8,1,4,2.2377877235412598
48,16384,16384,4,8,1,5,2.2385003566741943
48,16384,16384,4,8,1,6,2.2367327213287354
48,16384,16384,4,8,1,7,2.2415618896484375
48,16384,16384,4,8,1,8,2.2374374866485596
48,16384,16384,4,8,1,9,2.235445499420166
48,16384,16384,4,8,1,10,2.2345383167266846
48,16384,16384,4,8,2,0,2.3910791873931885
48,16384,16384,4,8,2,1,2.2237024307250977
48,16384,16384,4,8,2,2,2.224832534790039
48,16384,16384,4,8,2,3,2.2269415855407715
48,16384,16384,4,8,2,4,2.2256741523742676
48,16384,16384,4,8,2,5,2.226377010345459
48,16384,16384,4,8,2,6,2.2246222496032715
48,16384,16384,4,8,2,7,2.226419687271118
48,16384,16384,4,8,2,8,2.2261242866516113
48,16384,16384,4,8,2,9,2.2222859859466553
48,16384,16384,4,8,2,10,2.225101947784424
48,16384,16384,4,8,4,0,2.398442506790161
48,16384,16384,4,8,4,1,2.217392921447754
48,16384,16384,4,8,4,2,2.220258951187134
48,16384,16384,4,8,4,3,2.2228221893310547
48,16384,16384,4,8,4,4,2.2206695079803467
48,16384,16384,4,8,4,5,2.223362445831299
48,16384,16384,4,8,4,6,2.219339370727539
48,16384,16384,4,8,4,7,2.216273546218872
48,16384,16384,4,8,4,8,2.2227468490600586
48,16384,16384,4,8,4,9,2.2224674224853516
48,16384,16384,4,8,4,10,2.223431348800659
48,16384,16384,4,8,8,0,2.4400501251220703
48,16384,16384,4,8,8,1,2.2277445793151855
48,16384,16384,4,8,8,2,2.227768659591675
48,16384,16384,4,8,8,3,2.2209250926971436
48,16384,16384,4,8,8,4,2.223773241043091
48,16384,16384,4,8,8,5,2.2225778102874756
48,16384,16384,4,8,8,6,2.2282707691192627
48,16384,16384,4,8,8,7,2.230048656463623
48,16384,16384,4,8,8,8,2.2210047245025635
48,16384,16384,4,8,8,9,2.223195791244507
48,16384,16384,4,8,8,10,2.2270190715789795
48,16384,16384,4,8,16,0,2.3833625316619873
48,16384,16384,4,8,16,1,2.2334303855895996
48,16384,16384,4,8,16,2,2.242708206176758
48,16384,16384,4,8,16,3,2.2240970134735107
48,16384,16384,4,8,16,4,2.233091354370117
48,16384,16384,4,8,16,5,2.2307205200195312
48,16384,16384,4,8,16,6,2.227886915206909
48,16384,16384,4,8,16,7,2.232886552810669
48,16384,16384,4,8,16,8,2.2320151329040527
48,16384,16384,4,8,16,9,2.2322075366973877
48,16384,16384,4,8,16,10,2.2269058227539062
48,16384,16384,4,8,32,0,2.38983416557312
48,16384,16384,4,8,32,1,2.249022960662842
48,16384,16384,4,8,32,2,2.2473080158233643
48,16384,16384,4,8,32,3,2.2428815364837646
48,16384,16384,4,8,32,4,2.2489237785339355
48,16384,16384,4,8,32,5,2.2459585666656494
48,16384,16384,4,8,32,6,2.244687080383301
48,16384,16384,4,8,32,7,2.248040199279785
48,16384,16384,4,8,32,8,2.2478063106536865
48,16384,16384,4,8,32,9,2.2502634525299072
48,16384,16384,4,8,32,10,2.2427871227264404
48,16384,16384,4,8,64,0,2.393890142440796
48,16384,16384,4,8,64,1,2.288975715637207
48,16384,16384,4,8,64,2,2.283151865005493
48,16384,16384,4,8,64,3,2.2818405628204346
48,16384,16384,4,8,64,4,2.28283429145813
48,16384,16384,4,8,64,5,2.277647018432617
48,16384,16384,4,8,64,6,2.2848916053771973
48,16384,16384,4,8,64,7,2.280938148498535
48,16384,16384,4,8,64,8,2.280484914779663
48,16384,16384,4,8,64,9,2.2867753505706787
48,16384,16384,4,8,64,10,2.280150890350342
48,16384,16384,4,8,128,0,2.4099478721618652
48,16384,16384,4,8,128,1,2.3642332553863525
48,16384,16384,4,8,128,2,2.3617615699768066
48,16384,16384,4,8,128,3,2.363339424133301
48,16384,16384,4,8,128,4,2.359541177749634
48,16384,16384,4,8,128,5,2.3639657497406006
48,16384,16384,4,8,128,6,2.3556020259857178
48,16384,16384,4,8,128,7,2.3587636947631836
48,16384,16384,4,8,128,8,2.361401081085205
48,16384,16384,4,8,128,9,2.355050563812256
48,16384,16384,4,8,128,10,2.356137990951538
48,16384,16384,8,8,1,0,2.520145893096924
48,16384,16384,8,8,1,1,2.3783864974975586
48,16384,16384,8,8,1,2,2.3728084564208984
48,16384,16384,8,8,1,3,2.373732566833496
48,16384,16384,8,8,1,4,2.369875907897949
48,16384,16384,8,8,1,5,2.3763105869293213
48,16384,16384,8,8,1,6,2.3742833137512207
48,16384,16384,8,8,1,7,2.376622200012207
48,16384,16384,8,8,1,8,2.3761987686157227
48,16384,16384,8,8,1,9,2.372938394546509
48,16384,16384,8,8,1,10,2.378586530685425
48,16384,16384,8,8,2,0,2.514042377471924
48,16384,16384,8,8,2,1,2.3435440063476562
48,16384,16384,8,8,2,2,2.344658136367798
48,16384,16384,8,8,2,3,2.333465337753296
48,16384,16384,8,8,2,4,2.340724468231201
48,16384,16384,8,8,2,5,2.3380589485168457
48,16384,16384,8,8,2,6,2.339931011199951
48,16384,16384,8,8,2,7,2.333953619003296
48,16384,16384,8,8,2,8,2.3398780822753906
48,16384,16384,8,8,2,9,2.3297972679138184
48,16384,16384,8,8,2,10,2.3340439796447754
48,16384,16384,8,8,4,0,2.4716193675994873
48,16384,16384,8,8,4,1,2.3245906829833984
48,16384,16384,8,8,4,2,2.327033519744873
48,16384,16384,8,8,4,3,2.3194077014923096
48,16384,16384,8,8,4,4,2.322514533996582
48,16384,16384,8,8,4,5,2.3296279907226562
48,16384,16384,8,8,4,6,2.3263871669769287
48,16384,16384,8,8,4,7,2.316744804382324
48,16384,16384,8,8,4,8,2.3194122314453125
48,16384,16384,8,8,4,9,2.3304405212402344
48,16384,16384,8,8,4,10,2.3146257400512695
48,16384,16384,8,8,8,0,2.46380352973938
48,16384,16384,8,8,8,1,2.3133487701416016
48,16384,16384,8,8,8,2,2.3090198040008545
48,16384,16384,8,8,8,3,2.3096506595611572
48,16384,16384,8,8,8,4,2.3108298778533936
48,16384,16384,8,8,8,5,2.308690071105957
48,16384,16384,8,8,8,6,2.3132972717285156
48,16384,16384,8,8,8,7,2.305225372314453
48,16384,16384,8,8,8,8,2.3140194416046143
48,16384,16384,8,8,8,9,2.3044626712799072
48,16384,16384,8,8,8,10,2.31318736076355
48,16384,16384,8,8,16,0,2.459836006164551
48,16384,16384,8,8,16,1,2.3163974285125732
48,16384,16384,8,8,16,2,2.3089475631713867
48,16384,16384,8,8,16,3,2.310656785964966
48,16384,16384,8,8,16,4,2.3167736530303955
48,16384,16384,8,8,16,5,2.318125009536743
48,16384,16384,8,8,16,6,2.3123111724853516
48,16384,16384,8,8,16,7,2.312803030014038
48,16384,16384,8,8,16,8,2.307206153869629
48,16384,16384,8,8,16,9,2.3049843311309814
48,16384,16384,8,8,16,10,2.309410810470581
48,16384,16384,8,8,32,0,2.4545483589172363
48,16384,16384,8,8,32,1,2.3304495811462402
48,16384,16384,8,8,32,2,2.325820207595825
48,16384,16384,8,8,32,3,2.3242924213409424
48,16384,16384,8,8,32,4,2.3341150283813477
48,16384,16384,8,8,32,5,2.328094482421875
48,16384,16384,8,8,32,6,2.3274784088134766
48,16384,16384,8,8,32,7,2.3302230834960938
48,16384,16384,8,8,32,8,2.321312189102173
48,16384,16384,8,8,32,9,2.3317108154296875
48,16384,16384,8,8,32,10,2.3305978775024414
48,16384,16384,8,8,64,0,2.461298704147339
48,16384,16384,8,8,64,1,2.3638784885406494
48,16384,16384,8,8,64,2,2.364229679107666
48,16384,16384,8,8,64,3,2.3595974445343018
48,16384,16384,8,8,64,4,2.3618011474609375
48,16384,16384,8,8,64,5,2.3650920391082764
48,16384,16384,8,8,64,6,2.3595268726348877
48,16384,16384,8,8,64,7,2.3570241928100586
48,16384,16384,8,8,64,8,2.3621726036071777
48,16384,16384,8,8,64,9,2.359647035598755
48,16384,16384,8,8,64,10,2.3617236614227295
48,16384,16384,8,8,128,0,2.5014216899871826
48,16384,16384,8,8,128,1,2.4377198219299316
48,16384,16384,8,8,128,2,2.4287569522857666
48,16384,16384,8,8,128,3,2.434033155441284
48,16384,16384,8,8,128,4,2.433358907699585
48,16384,16384,8,8,128,5,2.43479323387146
48,16384,16384,8,8,128,6,2.430311679840088
48,16384,16384,8,8,128,7,2.4306867122650146
48,16384,16384,8,8,128,8,2.4304447174072266
48,16384,16384,8,8,128,9,2.4318153858184814
48,16384,16384,8,8,128,10,2.4221177101135254
48,16384,16384,16,8,2,0,2.3973934650421143
48,16384,16384,16,8,2,1,2.2653074264526367
48,16384,16384,16,8,2,2,2.2785487174987793
48,16384,16384,16,8,2,3,2.2817511558532715
48,16384,16384,16,8,2,4,2.2746548652648926
48,16384,16384,16,8,2,5,2.305490493774414
48,16384,16384,16,8,2,6,2.2972612380981445
48,16384,16384,16,8,2,7,2.2891483306884766
48,16384,16384,16,8,2,8,2.302037477493286
48,16384,16384,16,8,2,9,2.300304889678955
48,16384,16384,16,8,2,10,2.2976200580596924
48,16384,16384,16,8,4,0,2.3664932250976562
48,16384,16384,16,8,4,1,2.2432148456573486
48,16384,16384,16,8,4,2,2.2258222103118896
48,16384,16384,16,8,4,3,2.2370617389678955
48,16384,16384,16,8,4,4,2.2513790130615234
48,16384,16384,16,8,4,5,2.2311813831329346
48,16384,16384,16,8,4,6,2.2520394325256348
48,16384,16384,16,8,4,7,2.2452392578125
48,16384,16384,16,8,4,8,2.2615628242492676
48,16384,16384,16,8,4,9,2.2476816177368164
48,16384,16384,16,8,4,10,2.245835065841675
48,16384,16384,16,8,8,0,2.348132848739624
48,16384,16384,16,8,8,1,2.23940110206604
48,16384,16384,16,8,8,2,2.2253971099853516
48,16384,16384,16,8,8,3,2.2278523445129395
48,16384,16384,16,8,8,4,2.2361605167388916
48,16384,16384,16,8,8,5,2.233181953430176
48,16384,16384,16,8,8,6,2.2325997352600098
48,16384,16384,16,8,8,7,2.231046438217163
48,16384,16384,16,8,8,8,2.2410190105438232
48,16384,16384,16,8,8,9,2.240739583969116
48,16384,16384,16,8,8,10,2.2355852127075195
48,16384,16384,16,8,16,0,2.3465561866760254
48,16384,16384,16,8,16,1,2.238147497177124
48,16384,16384,16,8,16,2,2.2316319942474365
48,16384,16384,16,8,16,3,2.2396857738494873
48,16384,16384,16,8,16,4,2.2478394508361816
48,16384,16384,16,8,16,5,2.2391140460968018
48,16384,16384,16,8,16,6,2.246089458465576
48,16384,16384,16,8,16,7,2.2294998168945312
48,16384,16384,16,8,16,8,2.2299323081970215
48,16384,16384,16,8,16,9,2.243691921234131
48,16384,16384,16,8,16,10,2.2385752201080322
48,16384,16384,16,8,32,0,2.348245859146118
48,16384,16384,16,8,32,1,2.240777015686035
48,16384,16384,16,8,32,2,2.2187910079956055
48,16384,16384,16,8,32,3,2.2417757511138916
48,16384,16384,16,8,32,4,2.2474424839019775
48,16384,16384,16,8,32,5,2.244037628173828
48,16384,16384,16,8,32,6,2.2382969856262207
48,16384,16384,16,8,32,7,2.2403242588043213
48,16384,16384,16,8,32,8,2.237025499343872
48,16384,16384,16,8,32,9,2.2371885776519775
48,16384,16384,16,8,32,10,2.2424428462982178
48,16384,16384,16,8,64,0,2.3498897552490234
48,16384,16384,16,8,64,1,2.254415988922119
48,16384,16384,16,8,64,2,2.2427055835723877
48,16384,16384,16,8,64,3,2.2490532398223877
48,16384,16384,16,8,64,4,2.2602241039276123
48,16384,16384,16,8,64,5,2.2590558528900146
48,16384,16384,16,8,64,6,2.2554428577423096
48,16384,16384,16,8,64,7,2.242445230484009
48,16384,16384,16,8,64,8,2.2575747966766357
48,16384,16384,16,8,64,9,2.25844669342041
48,16384,16384,16,8,64,10,2.258040189743042
48,16384,16384,16,8,128,0,2.3651716709136963
48,16384,16384,16,8,128,1,2.2674312591552734
48,16384,16384,16,8,128,2,2.2788708209991455
48,16384,16384,16,8,128,3,2.277195930480957
48,16384,16384,16,8,128,4,2.2829434871673584
48,16384,16384,16,8,128,5,2.2843551635742188
48,16384,16384,16,8,128,6,2.273505210876465
48,16384,16384,16,8,128,7,2.2741193771362305
48,16384,16384,16,8,128,8,2.2793548107147217
48,16384,16384,16,8,128,9,2.282506227493286
48,16384,16384,16,8,128,10,2.2789552211761475
48,16384,16384,32,8,1,0,5.005942344665527
48,16384,16384,32,8,1,1,4.735802412033081
48,16384,16384,32,8,1,2,4.7349464893341064
48,16384,16384,32,8,1,3,4.754133939743042
48,16384,16384,32,8,1,4,4.769093036651611
48,16384,16384,32,8,1,5,4.7342963218688965
48,16384,16384,32,8,1,6,4.834617853164673
48,16384,16384,32,8,1,7,4.770051002502441
48,16384,16384,32,8,1,8,4.796653509140015
48,16384,16384,32,8,1,9,4.791198492050171
48,16384,16384,32,8,1,10,4.7988622188568115
48,16384,16384,32,8,2,0,4.396227836608887
48,16384,16384,32,8,2,1,4.105751037597656
48,16384,16384,32,8,2,2,4.113086462020874
48,16384,16384,32,8,2,3,4.12650990486145
48,16384,16384,32,8,2,4,4.118967294692993
48,16384,16384,32,8,2,5,4.163218975067139
48,16384,16384,32,8,2,6,4.198667049407959
48,16384,16384,32,8,2,7,4.138844966888428
48,16384,16384,32,8,2,8,4.151334762573242
48,16384,16384,32,8,2,9,4.200984239578247
48,16384,16384,32,8,2,10,4.186577081680298
48,16384,16384,32,8,4,0,4.205273866653442
48,16384,16384,32,8,4,1,3.913297653198242
48,16384,16384,32,8,4,2,3.95064377784729
48,16384,16384,32,8,4,3,3.959472417831421
48,16384,16384,32,8,4,4,3.9573841094970703
48,16384,16384,32,8,4,5,3.9861884117126465
48,16384,16384,32,8,4,6,4.013896703720093
48,16384,16384,32,8,4,7,4.03649640083313
48,16384,16384,32,8,4,8,3.9844436645507812
48,16384,16384,32,8,4,9,3.997421979904175
48,16384,16384,32,8,4,10,4.02654504776001
48,16384,16384,32,8,8,0,4.160133123397827
48,16384,16384,32,8,8,1,3.901200294494629
48,16384,16384,32,8,8,2,3.9015867710113525
48,16384,16384,32,8,8,3,3.9184346199035645
48,16384,16384,32,8,8,4,3.920529365539551
48,16384,16384,32,8,8,5,3.945875644683838
48,16384,16384,32,8,8,6,3.992835283279419
48,16384,16384,32,8,8,7,3.9304981231689453
48,16384,16384,32,8,8,8,3.9523656368255615
48,16384,16384,32,8,8,9,3.969578504562378
48,16384,16384,32,8,8,10,3.9436514377593994
48,16384,16384,32,8,16,0,4.189324140548706
48,16384,16384,32,8,16,1,3.9155771732330322
48,16384,16384,32,8,16,2,3.91473126411438
48,16384,16384,32,8,16,3,3.923103094100952
48,16384,16384,32,8,16,4,3.909274101257324
48,16384,16384,32,8,16,5,3.9435362815856934
48,16384,16384,32,8,16,6,3.9722442626953125
48,16384,16384,32,8,16,7,4.0079567432403564
48,16384,16384,32,8,16,8,3.951897144317627
48,16384,16384,32,8,16,9,3.9693191051483154
48,16384,16384,32,8,16,10,3.9675490856170654
48,16384,16384,32,8,32,0,4.137263774871826
48,16384,16384,32,8,32,1,3.90323805809021
48,16384,16384,32,8,32,2,3.9370694160461426
48,16384,16384,32,8,32,3,3.9051826000213623
48,16384,16384,32,8,32,4,3.9338152408599854
48,16384,16384,32,8,32,5,3.9382195472717285
48,16384,16384,32,8,32,6,3.972823143005371
48,16384,16384,32,8,32,7,4.005126953125
48,16384,16384,32,8,32,8,3.961672067642212
48,16384,16384,32,8,32,9,3.963923215866089
48,16384,16384,32,8,32,10,3.9612057209014893
48,16384,16384,32,8,64,0,4.1666810512542725
48,16384,16384,32,8,64,1,3.915592670440674
48,16384,16384,32,8,64,2,3.9204061031341553
48,16384,16384,32,8,64,3,3.92649507522583
48,16384,16384,32,8,64,4,3.9361233711242676
48,16384,16384,32,8,64,5,3.9520087242126465
48,16384,16384,32,8,64,6,3.9897735118865967
48,16384,16384,32,8,64,7,4.048418760299683
48,16384,16384,32,8,64,8,3.9792685508728027
48,16384,16384,32,8,64,9,3.985549211502075
48,16384,16384,32,8,64,10,3.9907443523406982
48,16384,16384,32,8,128,0,4.198601245880127
48,16384,16384,32,8,128,1,3.9589788913726807
48,16384,16384,32,8,128,2,3.951584815979004
48,16384,16384,32,8,128,3,3.9587533473968506
48,16384,16384,32,8,128,4,3.948901891708374
48,16384,16384,32,8,128,5,3.9669923782348633
48,16384,16384,32,8,128,6,4.001603364944458
48,16384,16384,32,8,128,7,3.973241090774536
48,16384,16384,32,8,128,8,4.00401759147644
48,16384,16384,32,8,128,9,4.024421691894531
48,16384,16384,32,8,128,10,3.987222671508789
48,16384,16384,64,8,1,0,14.956189393997192
48,16384,16384,64,8,1,1,14.557699918746948
48,16384,16384,64,8,1,2,14.50040888786316
48,16384,16384,64,8,1,3,14.250128746032715
48,16384,16384,64,8,1,4,13.924869060516357
48,16384,16384,64,8,1,5,14.00312614440918
48,16384,16384,64,8,1,6,13.946462869644165
48,16384,16384,64,8,1,7,13.874138355255127
48,16384,16384,64,8,1,8,13.971700191497803
48,16384,16384,64,8,1,9,13.940501689910889
48,16384,16384,64,8,1,10,13.950085639953613
48,16384,16384,64,8,2,0,13.614002704620361
48,16384,16384,64,8,2,1,13.18617582321167
48,16384,16384,64,8,2,2,13.087292909622192
48,16384,16384,64,8,2,3,12.856664419174194
48,16384,16384,64,8,2,4,12.652086734771729
48,16384,16384,64,8,2,5,12.632898092269897
48,16384,16384,64,8,2,6,12.612767457962036
48,16384,16384,64,8,2,7,12.534853458404541
48,16384,16384,64,8,2,8,12.54112982749939
48,16384,16384,64,8,2,9,12.555037021636963
48,16384,16384,64,8,2,10,12.64306902885437
48,16384,16384,64,8,4,0,12.455724239349365
48,16384,16384,64,8,4,1,12.229905366897583
48,16384,16384,64,8,4,2,12.019128561019897
48,16384,16384,64,8,4,3,11.874019384384155
48,16384,16384,64,8,4,4,11.687676906585693
48,16384,16384,64,8,4,5,11.532129764556885
48,16384,16384,64,8,4,6,11.534171342849731
48,16384,16384,64,8,4,7,11.586630582809448
48,16384,16384,64,8,4,8,11.554741621017456
48,16384,16384,64,8,4,9,11.56191635131836
48,16384,16384,64,8,4,10,11.54466986656189
48,16384,16384,64,8,8,0,12.728857278823853
48,16384,16384,64,8,8,1,12.456395864486694
48,16384,16384,64,8,8,2,12.288896560668945
48,16384,16384,64,8,8,3,12.132344007492065
48,16384,16384,64,8,8,4,11.91600775718689
48,16384,16384,64,8,8,5,11.825721740722656
48,16384,16384,64,8,8,6,11.845805168151855
48,16384,16384,64,8,8,7,11.775590658187866
48,16384,16384,64,8,8,8,11.780126094818115
48,16384,16384,64,8,8,9,11.750808715820312
48,16384,16384,64,8,8,10,11.750852346420288
48,16384,16384,64,8,16,0,12.853602886199951
48,16384,16384,64,8,16,1,12.567888259887695
48,16384,16384,64,8,16,2,12.480454206466675
48,16384,16384,64,8,16,3,12.253523826599121
48,16384,16384,64,8,16,4,12.013794898986816
48,16384,16384,64,8,16,5,11.926416158676147
48,16384,16384,64,8,16,6,11.879414796829224
48,16384,16384,64,8,16,7,11.925445318222046
48,16384,16384,64,8,16,8,11.896098375320435
48,16384,16384,64,8,16,9,11.915977001190186
48,16384,16384,64,8,16,10,11.905175924301147
48,16384,16384,64,8,32,0,13.319947481155396
48,16384,16384,64,8,32,1,13.07837200164795
48,16384,16384,64,8,32,2,12.88179326057434
48,16384,16384,64,8,32,3,12.697119235992432
48,16384,16384,64,8,32,4,12.517926692962646
48,16384,16384,64,8,32,5,12.366164207458496
48,16384,16384,64,8,32,6,12.342753410339355
48,16384,16384,64,8,32,7,12.363128185272217
48,16384,16384,64,8,32,8,12.298672676086426
48,16384,16384,64,8,32,9,12.335571527481079
48,16384,16384,64,8,32,10,12.334542036056519
48,16384,16384,64,8,64,0,13.363881587982178
48,16384,16384,64,8,64,1,13.0832998752594
48,16384,16384,64,8,64,2,12.926923274993896
48,16384,16384,64,8,64,3,12.73795485496521
48,16384,16384,64,8,64,4,12.448513269424438
48,16384,16384,64,8,64,5,12.444151639938354
48,16384,16384,64,8,64,6,12.435839653015137
48,16384,16384,64,8,64,7,12.424415111541748
48,16384,16384,64,8,64,8,12.463351726531982
48,16384,16384,64,8,64,9,12.384716510772705
48,16384,16384,64,8,64,10,12.432627201080322
48,16384,16384,64,8,128,0,13.282036781311035
48,16384,16384,64,8,128,1,13.037450790405273
48,16384,16384,64,8,128,2,12.83481740951538
48,16384,16384,64,8,128,3,12.62893271446228
48,16384,16384,64,8,128,4,12.482463598251343
48,16384,16384,64,8,128,5,12.32692265510559
48,16384,16384,64,8,128,6,12.325573444366455
48,16384,16384,64,8,128,7,12.290259599685669
48,16384,16384,64,8,128,8,12.314947843551636
48,16384,16384,64,8,128,9,12.313294887542725
48,16384,16384,64,8,128,10,12.3450345993042
48,16384,16384,128,8,1,0,91.11161851882935
48,16384,16384,128,8,1,1,91.0920512676239
48,16384,16384,128,8,1,2,91.89122009277344
48,16384,16384,128,8,1,3,91.52213883399963
48,16384,16384,128,8,1,4,91.1692361831665
48,16384,16384,128,8,1,5,91.3476812839508
48,16384,16384,128,8,1,6,90.93467950820923
48,16384,16384,128,8,1,7,90.27755665779114
48,16384,16384,128,8,1,8,90.91081929206848
48,16384,16384,128,8,1,9,90.44232702255249
48,16384,16384,128,8,1,10,91.46637558937073
48,16384,16384,128,8,2,0,68.37940311431885
48,16384,16384,128,8,2,1,69.46236157417297
48,16384,16384,128,8,2,2,67.38582992553711
48,16384,16384,128,8,2,3,68.44929027557373
48,16384,16384,128,8,2,4,68.46270155906677
48,16384,16384,128,8,2,5,68.67966365814209
48,16384,16384,128,8,2,6,67.10549759864807
48,16384,16384,128,8,2,7,66.2700719833374
48,16384,16384,128,8,2,8,65.32698130607605
48,16384,16384,128,8,2,9,67.3062674999237
48,16384,16384,128,8,2,10,67.75405263900757
48,16384,16384,128,8,4,0,51.24775004386902
48,16384,16384,128,8,4,1,51.033973932266235
48,16384,16384,128,8,4,2,51.271705627441406
48,16384,16384,128,8,4,3,50.01041388511658
48,16384,16384,128,8,4,4,51.35157108306885
48,16384,16384,128,8,4,5,51.975035429000854
48,16384,16384,128,8,4,6,51.501250982284546
48,16384,16384,128,8,4,7,50.185343503952026
48,16384,16384,128,8,4,8,47.81847167015076
48,16384,16384,128,8,4,9,49.66230392456055
48,16384,16384,128,8,4,10,50.144288778305054
48,16384,16384,128,8,8,0,45.6221444606781
48,16384,16384,128,8,8,1,44.83574390411377
48,16384,16384,128,8,8,2,45.08815932273865
48,16384,16384,128,8,8,3,45.310447216033936
48,16384,16384,128,8,8,4,44.81834888458252
48,16384,16384,128,8,8,5,44.81738328933716
48,16384,16384,128,8,8,6,44.837204933166504
48,16384,16384,128,8,8,7,44.27920842170715
48,16384,16384,128,8,8,8,44.93652558326721
48,16384,16384,128,8,8,9,44.93863105773926
48,16384,16384,128,8,8,10,44.14563703536987
48,16384,16384,128,8,16,0,48.54648447036743
48,16384,16384,128,8,16,1,48.646425008773804
48,16384,16384,128,8,16,2,49.08287191390991
48,16384,16384,128,8,16,3,49.13597559928894
48,16384,16384,128,8,16,4,48.23989701271057
48,16384,16384,128,8,16,5,48.88305115699768
48,16384,16384,128,8,16,6,48.092053174972534
48,16384,16384,128,8,16,7,47.98520231246948
48,16384,16384,128,8,16,8,48.18149280548096
48,16384,16384,128,8,16,9,48.818472385406494
48,16384,16384,128,8,16,10,48.49902391433716
48,16384,16384,128,8,32,0,45.072328090667725
48,16384,16384,128,8,32,1,45.26274847984314
48,16384,16384,128,8,32,2,44.841426849365234
48,16384,16384,128,8,32,3,44.63891124725342
48,16384,16384,128,8,32,4,44.49737906455994
48,16384,16384,128,8,32,5,43.896881341934204
48,16384,16384,128,8,32,6,43.65766906738281
48,16384,16384,128,8,32,7,43.44053673744202
48,16384,16384,128,8,32,8,40.647576570510864
48,16384,16384,128,8,32,9,44.375983476638794
48,16384,16384,128,8,32,10,43.656473875045776
48,16384,16384,128,8,64,0,48.67715358734131
48,16384,16384,128,8,64,1,48.56181597709656
48,16384,16384,128,8,64,2,47.14478039741516
48,16384,16384,128,8,64,3,46.80614686012268
48,16384,16384,128,8,64,4,46.661043643951416
48,16384,16384,128,8,64,5,46.56708836555481
48,16384,16384,128,8,64,6,47.67539858818054
48,16384,16384,128,8,64,7,46.91341018676758
48,16384,16384,128,8,64,8,44.325106620788574
48,16384,16384,128,8,64,9,44.42829465866089
48,16384,16384,128,8,64,10,46.56101965904236
48,16384,16384,128,8,128,0,45.3894898891449
48,16384,16384,128,8,128,1,44.10866069793701
48,16384,16384,128,8,128,2,43.351117849349976
48,16384,16384,128,8,128,3,43.468053102493286
48,16384,16384,128,8,128,4,43.43898320198059
48,16384,16384,128,8,128,5,43.74595379829407
48,16384,16384,128,8,128,6,44.13122844696045
48,16384,16384,128,8,128,7,43.22541570663452
48,16384,16384,128,8,128,8,39.5762505531311
48,16384,16384,128,8,128,9,44.29780650138855
48,16384,16384,128,8,128,10,43.428449630737305
48,1024,16384,1,8,4,0,0.3903334140777588
48,1024,16384,1,8,4,1,0.15914273262023926
48,1024,16384,1,8,4,2,0.15153908729553223
48,1024,16384,1,8,4,3,0.1496279239654541
48,1024,16384,1,8,4,4,0.15075111389160156
48,1024,16384,1,8,4,5,0.15294623374938965
48,1024,16384,1,8,4,6,0.15763187408447266
48,1024,16384,1,8,4,7,0.15378475189208984
48,1024,16384,1,8,4,8,0.15444540977478027
48,1024,16384,1,8,4,9,0.15692687034606934
48,1024,16384,1,8,4,10,0.15407800674438477
48,1024,16384,2,8,4,0,0.6187155246734619
48,1024,16384,2,8,4,1,0.4383838176727295
48,1024,16384,2,8,4,2,0.4159243106842041
48,1024,16384,2,8,4,3,0.4164280891418457
48,1024,16384,2,8,4,4,0.41581273078918457
48,1024,16384,2,8,4,5,0.4130709171295166
48,1024,16384,2,8,4,6,0.4216587543487549
48,1024,16384,2,8,4,7,0.4343554973602295
48,1024,16384,2,8,4,8,0.41791224479675293
48,1024,16384,2,8,4,9,0.4394650459289551
48,1024,16384,2,8,4,10,0.44251394271850586
48,1024,16384,8,8,4,0,3.6661555767059326
48,1024,16384,8,8,4,1,3.3620879650115967
48,1024,16384,8,8,4,2,3.3789803981781006
48,1024,16384,8,8,4,3,3.361959218978882
48,1024,16384,8,8,4,4,3.3268215656280518
48,1024,16384,8,8,4,5,3.28983211517334
48,1024,16384,8,8,4,6,3.249030351638794
48,1024,16384,8,8,4,7,3.289853811264038
48,1024,16384,8,8,4,8,3.288083076477051
48,1024,16384,8,8,4,9,3.2590529918670654
48,1024,16384,8,8,4,10,3.261531352996826
48,1024,16384,16,8,4,0,19.864715576171875
48,1024,16384,16,8,4,1,19.332881450653076
48,1024,16384,16,8,4,2,20.119927644729614
48,1024,16384,16,8,4,3,19.447147130966187
48,1024,16384,16,8,4,4,19.7801296710968
48,1024,16384,16,8,4,5,19.259536266326904
48,1024,16384,16,8,4,6,19.812137365341187
48,1024,16384,16,8,4,7,19.642253398895264
48,1024,16384,16,8,4,8,19.481179237365723
48,1024,16384,16,8,4,9,19.417582273483276
48,1024,16384,16,8,4,10,19.366901636123657
48,1024,16384,32,8,4,0,139.18852519989014
48,1024,16384,32,8,4,1,144.6482036113739
48,1024,16384,32,8,4,2,135.0636990070343
48,1024,16384,32,8,4,3,145.27119970321655
48,1024,16384,32,8,4,4,144.54555106163025
48,1024,16384,32,8,4,5,143.35858607292175
48,1024,16384,32,8,4,6,146.81889533996582
48,1024,16384,32,8,4,7,147.51440358161926
48,1024,16384,32,8,4,8,141.9164252281189
48,1024,16384,32,8,4,9,140.79084420204163
48,1024,16384,32,8,4,10,146.71422743797302
48,16384,1024,1,8,4,0,0.6167600154876709
48,16384,1024,1,8,4,1,0.35085010528564453
48,16384,1024,1,8,4,2,0.3508317470550537
48,16384,1024,1,8,4,3,0.35227298736572266
48,16384,1024,1,8,4,4,0.3538949489593506
48,16384,1024,1,8,4,5,0.35369396209716797
48,16384,1024,1,8,4,6,0.35273265838623047
48,16384,1024,1,8,4,7,0.3517575263977051
48,16384,1024,1,8,4,8,0.3519752025604248
48,16384,1024,1,8,4,9,0.3530697822570801
48,16384,1024,1,8,4,10,0.3548457622528076
48,16384,1024,2,8,4,0,0.4932405948638916
48,16384,1024,2,8,4,1,0.34301161766052246
48,16384,1024,2,8,4,2,0.3455545902252197
48,16384,1024,2,8,4,3,0.3432581424713135
48,16384,1024,2,8,4,4,0.3412744998931885
48,16384,1024,2,8,4,5,0.34238743782043457
48,16384,1024,2,8,4,6,0.3410019874572754
48,16384,1024,2,8,4,7,0.3433339595794678
48,16384,1024,2,8,4,8,0.342177152633667
48,16384,1024,2,8,4,9,0.3410065174102783
48,16384,1024,2,8,4,10,0.34448695182800293
48,16384,1024,4,8,4,0,0.5033779144287109
48,16384,1024,4,8,4,1,0.3469400405883789
48,16384,1024,4,8,4,2,0.34999990463256836
48,16384,1024,4,8,4,3,0.349442720413208
48,16384,1024,4,8,4,4,0.35082197189331055
48,16384,1024,4,8,4,5,0.34861111640930176
48,16384,1024,4,8,4,6,0.34879159927368164
48,16384,1024,4,8,4,7,0.3526127338409424
48,16384,1024,4,8,4,8,0.352691650390625
48,16384,1024,4,8,4,9,0.3505208492279053
48,16384,1024,4,8,4,10,0.3512308597564697
48,16384,1024,8,8,4,0,0.5602307319641113
48,16384,1024,8,8,4,1,0.3974320888519287
48,16384,1024,8,8,4,2,0.39900732040405273
48,16384,1024,8,8,4,3,0.39421749114990234
48,16384,1024,8,8,4,4,0.3983149528503418
48,16384,1024,8,8,4,5,0.3974452018737793
48,16384,1024,8,8,4,6,0.3959691524505615
48,16384,1024,8,8,4,7,0.3999290466308594
48,16384,1024,8,8,4,8,0.3971686363220215
48,16384,1024,8,8,4,9,0.4011220932006836
48,16384,1024,8,8,4,10,0.3945634365081787
48,16384,1024,16,8,4,0,0.4867887496948242
48,16384,1024,16,8,4,1,0.33077383041381836
48,16384,1024,16,8,4,2,0.3357887268066406
48,16384,1024,16,8,4,3,0.33554649353027344
48,16384,1024,16,8,4,4,0.3370387554168701
48,16384,1024,16,8,4,5,0.33864736557006836
48,16384,1024,16,8,4,6,0.335418701171875
48,16384,1024,16,8,4,7,0.3359968662261963
48,16384,1024,16,8,4,8,0.33864331245422363
48,16384,1024,16,8,4,9,0.3354456424713135
48,16384,1024,16,8,4,10,0.3379206657409668
48,16384,1024,32,8,4,0,0.746474027633667
48,16384,1024,32,8,4,1,0.4876365661621094
48,16384,1024,32,8,4,2,0.4937906265258789
48,16384,1024,32,8,4,3,0.4908456802368164
48,16384,1024,32,8,4,4,0.48805904388427734
48,16384,1024,32,8,4,5,0.4814777374267578
48,16384,1024,32,8,4,6,0.48918795585632324
48,16384,1024,32,8,4,7,0.48766517639160156
48,16384,1024,32,8,4,8,0.4898252487182617
48,16384,1024,32,8,4,9,0.4874756336212158
48,16384,1024,32,8,4,10,0.49657273292541504
48,16384,1024,64,8,4,0,1.4297819137573242
48,16384,1024,64,8,4,1,1.0684127807617188
48,16384,1024,64,8,4,2,1.1891241073608398
48,16384,1024,64,8,4,3,1.176880121231079
48,16384,1024,64,8,4,4,1.1887812614440918
48,16384,1024,64,8,4,5,1.137514352798462
48,16384,1024,64,8,4,6,1.1924092769622803
48,16384,1024,64,8,4,7,1.1618311405181885
48,16384,1024,64,8,4,8,1.1693592071533203
48,16384,1024,64,8,4,9,1.1293771266937256
48,16384,1024,64,8,4,10,1.158019781112671
48,16384,1024,128,8,4,0,5.473968982696533
48,16384,1024,128,8,4,1,5.10568904876709
48,16384,1024,128,8,4,2,4.952958345413208
48,16384,1024,128,8,4,3,4.893010139465332
48,16384,1024,128,8,4,4,4.952554225921631
48,16384,1024,128,8,4,5,4.8489439487457275
48,16384,1024,128,8,4,6,4.846931219100952
48,16384,1024,128,8,4,7,4.830021619796753
48,16384,1024,128,8,4,8,4.788524866104126
48,16384,1024,128,8,4,9,4.764313459396362
48,16384,1024,128,8,4,10,4.744517803192139
